{
    "(0, 1)": [
        0.0053637036452628345,
        0.0018496773063731743,
        0.08802830760695758
    ],
    "(0, 2)": [
        0.005628074364890003,
        0.002261460080076467,
        0.07953443289459326
    ],
    "(0, 3)": [
        0.004228373925507545,
        0.001707001715019153,
        0.05909023721070583
    ],
    "(0, 4)": [
        0.0015038258350338176,
        0.0008232397449298864,
        0.024058751530553715
    ],
    "(0, 5)": [
        0.0018505642985896743,
        0.00103534704918193,
        0.029224930857030477
    ],
    "(0, 6)": [
        0.0006647725708183717,
        0.0003716356036433193,
        0.011792482632267908
    ],
    "(0, 7)": [
        0.004415295624787581,
        0.0019126128107902125,
        0.08110835337367316
    ],
    "(0, 8)": [
        0.0001187568326550114,
        5.319384411516433e-05,
        0.0016174578415297735
    ],
    "(0, 9)": [
        0.0021880461481320348,
        0.0011453253046056831,
        0.04371774273177506
    ],
    "(1, 2)": [
        0.0007325916952368101,
        9.566934818482129e-05,
        0.004239696007383013
    ],
    "(1, 3)": [
        0.012666357654267834,
        0.0013869555110608848,
        0.061479286753672716
    ],
    "(1, 4)": [
        0.002654617740478267,
        0.00044325253228193396,
        0.016848697363563713
    ],
    "(1, 5)": [
        0.003071825078352988,
        0.0008369582301893652,
        0.028325119713684205
    ],
    "(1, 6)": [
        0.003213847200821553,
        0.000786119412312144,
        0.031854368476849554
    ],
    "(1, 7)": [
        0.0018315458511000578,
        0.00016659950522735016,
        0.010686489418611276
    ],
    "(1, 8)": [
        0.01671883662703598,
        0.002522567364486959,
        0.09419660503423716
    ],
    "(1, 9)": [
        0.0035530539288987518,
        0.000475518316279749,
        0.0277052321136575
    ],
    "(2, 3)": [
        0.0056496530596250386,
        0.00111346694928904,
        0.03708162653072569
    ],
    "(2, 4)": [
        0.0029763812187894043,
        0.0008079038394940358,
        0.02282377154558562
    ],
    "(2, 5)": [
        0.002359673188300654,
        0.0008059585900266892,
        0.022201059740956677
    ],
    "(2, 6)": [
        0.0038052605372460623,
        0.0012297315750286638,
        0.03766488542521085
    ],
    "(2, 7)": [
        0.0006659528418878535,
        0.00012935417188778087,
        0.005142567900898768
    ],
    "(2, 8)": [
        0.012255067087363122,
        0.0028812033934794735,
        0.08505603575386561
    ],
    "(2, 9)": [
        0.003785676881447394,
        0.0009276952090309609,
        0.033312262176351894
    ],
    "(3, 4)": [
        0.006086588625033212,
        0.0015825308491714232,
        0.04303747886107154
    ],
    "(3, 5)": [
        0.00042078610484934024,
        0.00014246018924120058,
        0.003805492267074276
    ],
    "(3, 6)": [
        0.005495196215087341,
        0.0017487824518026718,
        0.052118440202053945
    ],
    "(3, 7)": [
        0.004122952460752307,
        0.0007295817896430924,
        0.02873340110005937
    ],
    "(3, 8)": [
        0.008238165008071698,
        0.0018395678392471246,
        0.05285381204431563
    ],
    "(3, 9)": [
        0.010695868828124698,
        0.0024660907401170464,
        0.086777870973879
    ],
    "(4, 5)": [
        0.0015791428025843477,
        0.0007444744880160457,
        0.01615604318606909
    ],
    "(4, 6)": [
        0.00028692359272018344,
        0.0001319515811499159,
        0.003157254708166665
    ],
    "(4, 7)": [
        0.0023465175919598685,
        0.0006337225233588958,
        0.02055541643939857
    ],
    "(4, 8)": [
        0.00427585868858114,
        0.001355379220481478,
        0.03185541709677559
    ],
    "(4, 9)": [
        0.0004072187526581936,
        0.00015181612255944015,
        0.004139543482178154
    ],
    "(5, 6)": [
        0.0018035349290434505,
        0.0008951643098644857,
        0.021703651590024357
    ],
    "(5, 7)": [
        0.001108350917963458,
        0.00039801861445081004,
        0.011988077235285997
    ],
    "(5, 8)": [
        0.0031948347229150387,
        0.001226600679532976,
        0.029296226116119897
    ],
    "(5, 9)": [
        0.0031448922014671726,
        0.001397490355603228,
        0.037159079714657685
    ],
    "(6, 7)": [
        0.0031054673005342583,
        0.0010471839788027016,
        0.03720392690651098
    ],
    "(6, 8)": [
        0.0020261021279719834,
        0.0007441652989497797,
        0.019430252170658777
    ],
    "(6, 9)": [
        0.0004954891593841498,
        0.00021265665459730036,
        0.006609347853109971
    ],
    "(7, 8)": [
        0.01111623357543248,
        0.00249557358907274,
        0.08281536070486331
    ],
    "(7, 9)": [
        0.004306088919076258,
        0.0010073511484695885,
        0.049346501486766135
    ],
    "(8, 9)": [
        0.00646311182638588,
        0.0018584054030793286,
        0.054607756444186514
    ]
}