{
    "(0, 1)": [
        0.09196230441445948,
        0.08881568834596529,
        0.1048920962339023
    ],
    "(0, 2)": [
        0.026245208813643332,
        0.020443007845251028,
        0.02861499958764864
    ],
    "(0, 3)": [
        0.08182149036585437,
        0.06623523795608562,
        0.08688183396897545
    ],
    "(0, 4)": [
        0.11675509393287256,
        0.15359869495772926,
        0.16259911079977563
    ],
    "(0, 5)": [
        0.020643551105190602,
        0.02069317060202307,
        0.02438842708119873
    ],
    "(0, 6)": [
        0.018165844012025357,
        0.01880721985020768,
        0.02310398675219895
    ],
    "(0, 7)": [
        0.3290406651323178,
        0.287893891203515,
        0.37476770064256537
    ],
    "(0, 8)": [
        0.012153951088970126,
        0.011477264419110591,
        0.013975444016973376
    ],
    "(0, 9)": [
        0.2840911640462126,
        0.3366893702653475,
        0.3926653740043996
    ],
    "(1, 2)": [
        0.04315361311160655,
        0.03054978215849178,
        0.03773695648602205
    ],
    "(1, 3)": [
        0.08451275260765932,
        0.06204065643524568,
        0.07111910659548962
    ],
    "(1, 4)": [
        0.1670812968410791,
        0.21422563023013205,
        0.1914061628696734
    ],
    "(1, 5)": [
        0.03807794597948029,
        0.035914159693653226,
        0.03687601521413142
    ],
    "(1, 6)": [
        0.12536857101215781,
        0.1224889085726914,
        0.1301198544059946
    ],
    "(1, 7)": [
        0.3675130353971914,
        0.2948877737950129,
        0.33329797230811165
    ],
    "(1, 8)": [
        0.05423831416611553,
        0.04758340107071931,
        0.050255947803543616
    ],
    "(1, 9)": [
        0.22421402133355012,
        0.2548870537371127,
        0.2521340081920023
    ],
    "(2, 3)": [
        0.11251087890643044,
        0.06571779051761134,
        0.08942931342563727
    ],
    "(2, 4)": [
        0.19668813042070543,
        0.19147143812698544,
        0.2150459367800932
    ],
    "(2, 5)": [
        0.017101714829316446,
        0.012825770190180278,
        0.01578797587307714
    ],
    "(2, 6)": [
        0.026579032363810557,
        0.020479708892767675,
        0.02626963771915575
    ],
    "(2, 7)": [
        0.4949762997588801,
        0.3137656032110228,
        0.4246021367917695
    ],
    "(2, 8)": [
        0.01163615021119535,
        0.008049437598222922,
        0.010231157225078537
    ],
    "(2, 9)": [
        0.3631807960640971,
        0.31647781451014806,
        0.3886620201873541
    ],
    "(3, 4)": [
        0.03673865311723104,
        0.03817199661161146,
        0.03908500120550803
    ],
    "(3, 5)": [
        0.07878026121763233,
        0.06140600028791001,
        0.07032459327601351
    ],
    "(3, 6)": [
        0.17848712656713636,
        0.14339816948083184,
        0.17082448777627662
    ],
    "(3, 7)": [
        0.24379220487913755,
        0.15884015065554632,
        0.20051489453592922
    ],
    "(3, 8)": [
        0.05800759806000894,
        0.04152544767676349,
        0.04906893453155258
    ],
    "(3, 9)": [
        0.15106618476430392,
        0.13917205253993914,
        0.1569081332510939
    ],
    "(4, 5)": [
        0.12491980406795183,
        0.16442886199125442,
        0.1483664340839243
    ],
    "(4, 6)": [
        0.23890554258614044,
        0.3294986253916737,
        0.30634578328423046
    ],
    "(4, 7)": [
        0.08520860162798066,
        0.09737193582796194,
        0.09749590371807061
    ],
    "(4, 8)": [
        0.12402270647970257,
        0.15460429406631754,
        0.1432833250656676
    ],
    "(4, 9)": [
        0.07229075484904585,
        0.12058335214708632,
        0.10108797062197707
    ],
    "(5, 6)": [
        0.045598071964573154,
        0.04638421235962503,
        0.04937106435185878
    ],
    "(5, 7)": [
        0.2952363187525552,
        0.25021117795266107,
        0.2826746788001545
    ],
    "(5, 8)": [
        0.01781842748879298,
        0.01640480695945859,
        0.01736345707439587
    ],
    "(5, 9)": [
        0.2287992302853779,
        0.26902335781102826,
        0.26753527174100356
    ],
    "(6, 7)": [
        0.5539081133540681,
        0.4850675865408586,
        0.5705918698873876
    ],
    "(6, 8)": [
        0.03521921880575536,
        0.03356253728656066,
        0.036823329258786085
    ],
    "(6, 9)": [
        0.46021847407801114,
        0.5650034917170406,
        0.5829213102278635
    ],
    "(7, 8)": [
        0.3912512496551862,
        0.306006011301308,
        0.35702772348080625
    ],
    "(7, 9)": [
        0.02946484369776624,
        0.029819972040678846,
        0.03305083008045379
    ],
    "(8, 9)": [
        0.29283297884171183,
        0.32384999061359165,
        0.33216371289181545
    ]
}